{
    "textures": [],
    "animations": [{
        "tracks": [],
        "name": "default",
        "fps": 29
    }],
    "geometries": [{
        "materials": [{
            "DbgName": "Standard",
            "opacity": 1,
            "depthWrite": true,
            "colorDiffuse": [0.709804,0.603922,0.235294],
            "DbgColor": 15658734,
            "visible": true,
            "transparent": false,
            "colorAmbient": [0.709804,0.603922,0.235294],
            "shading": "phong",
            "colorEmissive": [0,0,0],
            "depthTest": true,
            "wireframe": false,
            "blending": "NormalBlending",
            "colorSpecular": [0.012549,0.012549,0.012549],
            "specularCoef": 50,
            "DbgIndex": 0
        },{
            "DbgName": "glass",
            "opacity": 0.5,
            "depthWrite": true,
            "colorDiffuse": [0.458824,0.458824,0.458824],
            "DbgColor": 15597568,
            "visible": true,
            "transparent": true,
            "colorAmbient": [0.458824,0.458824,0.458824],
            "shading": "phong",
            "colorEmissive": [0,0,0],
            "depthTest": true,
            "wireframe": false,
            "blending": "NormalBlending",
            "colorSpecular": [0.001176,0.001176,0.001176],
            "specularCoef": 50,
            "DbgIndex": 1
        },{
            "DbgName": "StandardSteel",
            "opacity": 1,
            "depthWrite": true,
            "colorDiffuse": [0.690196,0.690196,0.690196],
            "DbgColor": 60928,
            "visible": true,
            "transparent": false,
            "colorAmbient": [0.690196,0.690196,0.690196],
            "shading": "phong",
            "colorEmissive": [0,0,0],
            "depthTest": true,
            "wireframe": false,
            "blending": "NormalBlending",
            "colorSpecular": [0.012549,0.012549,0.012549],
            "specularCoef": 50,
            "DbgIndex": 2
        }],
        "uuid": "0ADB5C52-B40D-38E4-8E6F-E6007D3B6F40",
        "data": {
            "animations": [],
            "vertices": [-0.262866,0.191319,0.303295,0.262866,0.191319,0.303295,-0.262866,-0.593058,-0.425325,0.262866,-0.593058,-0.425325,0,-0.847328,-0.262866,0,-0.847328,0.237958,0,1.12677,-0.060444,0,0.968335,0.107181,0.943418,-0.29068,0,0.425325,-0.855924,0,-0.943418,-0.330193,0,-0.425325,-0.855924,0,0.083993,0.31087,0.394687,0,0.869114,0.119643,-0.083993,0.31087,0.394687],
            "skinWeights": [],
            "skinIndices": [],
            "uvs": [[0.588104,0.5,0.75,0.676208,0.5,0.823792,1,0.823792,0.583993,0.81087,0.5,1.36911,0.416007,0.81087,0.25,0.676208,0.411896,0.5,0.911896,0.5,0.75,0.323792,0.5,0.176208,0.25,0.323792,0,0.823792,0.088104,0.5,1,0.176208,0,0.176208,1.0881,0.5,0.762866,0.691319,0.5,1.46833,0.237134,0.691319]],
            "name": "IcosahedronGeometry",
            "normals": [-0.540635,-0.816858,0.200995,0,-0.672506,0.740074,-0.389386,0.085025,0.917112,0.381207,0.080813,0.920927,0.200354,-0.012421,0.979614,0,0.45967,0.888058,-0.200354,-0.012421,0.979614,-0.006531,0.654195,0.756279,-0.991638,-0.103153,0.077303,0.552355,-0.809778,0.19779,0,-0.867061,-0.498184,-0.318583,-0.256905,-0.912381,-0.004425,0.97766,-0.210059,0.994415,-0.076601,0.072451,0.321482,-0.259224,-0.910703],
            "influencesPerVertex": 2,
            "faces": [42,11,5,0,0,0,1,2,0,1,2,42,5,1,0,0,1,3,2,1,3,2,42,12,13,14,1,4,5,6,4,5,6,42,7,10,0,0,7,8,2,7,8,2,42,10,11,0,0,8,0,2,8,0,2,42,5,9,1,0,1,9,3,1,9,3,42,11,4,5,2,0,10,1,0,10,1,42,10,2,11,0,8,11,0,8,11,0,42,7,6,10,0,7,12,8,7,12,8,42,1,8,7,0,13,14,7,3,13,7,42,9,4,3,0,9,10,15,9,10,14,42,4,2,3,0,10,11,15,10,11,14,42,2,6,3,0,11,12,16,11,12,14,42,6,8,3,0,12,14,16,12,13,14,42,8,9,3,0,17,9,15,13,9,14,42,9,5,4,2,9,1,10,9,1,10,42,4,11,2,0,10,0,11,10,0,11,42,2,10,6,0,11,8,12,11,8,12,42,6,7,8,0,12,7,14,12,7,13,42,8,1,9,0,17,3,9,13,3,9,43,1,7,13,12,1,18,19,5,4,3,7,5,4,43,7,0,14,13,1,19,20,6,5,7,2,6,5,43,0,1,12,14,1,20,18,4,6,2,3,4,6],
            "bones": [],
            "metadata": {
                "faces": 23,
                "normals": 15,
                "vertices": 15,
                "version": 3,
                "generator": "io_three",
                "uvs": 1,
                "materials": 3,
                "bones": 0,
                "morphTargets": 0
            },
            "morphTargets": []
        },
        "type": "Geometry"
    }],
    "object": {
        "children": [{
            "name": "Icosahedron",
            "uuid": "482CBD83-14A9-3B8E-8CE6-E99203111CE3",
            "matrix": [-1,0,0,0,0,0,1,0,0,1,0,0,0,0,0,1],
            "visible": true,
            "type": "Mesh",
            "material": "93831B89-11B9-31B1-A879-E029ECAF81F2",
            "castShadow": true,
            "receiveShadow": true,
            "geometry": "0ADB5C52-B40D-38E4-8E6F-E6007D3B6F40"
        }],
        "matrix": [1,0,0,0,0,1,0,0,0,0,1,0,0,0,0,1],
        "uuid": "DBF34490-1DFA-462C-9BDB-8B8272D6D277",
        "type": "Scene"
    },
    "materials": [{
        "depthWrite": true,
        "type": "MeshPhongMaterial",
        "color": 7697781,
        "vertexColors": false,
        "transparent": true,
        "name": "glass",
        "depthTest": true,
        "specular": 0,
        "blending": "NormalBlending",
        "shininess": 50,
        "emissive": 0,
        "ambient": 7697781,
        "uuid": "B9CDEFBF-07EC-369F-B77E-6A84D0CE04D5"
    },{
        "depthWrite": true,
        "type": "MeshPhongMaterial",
        "color": 11901500,
        "vertexColors": false,
        "name": "Standard",
        "depthTest": true,
        "specular": 197379,
        "blending": "NormalBlending",
        "shininess": 50,
        "emissive": 0,
        "ambient": 11901500,
        "uuid": "93831B89-11B9-31B1-A879-E029ECAF81F2"
    },{
        "depthWrite": true,
        "type": "MeshPhongMaterial",
        "color": 11579568,
        "vertexColors": false,
        "name": "StandardSteel",
        "depthTest": true,
        "specular": 197379,
        "blending": "NormalBlending",
        "shininess": 50,
        "emissive": 0,
        "ambient": 11579568,
        "uuid": "43244E51-D36A-3268-BB28-48C982CE72B2"
    }],
    "images": [],
    "metadata": {
        "version": 4.4,
        "generator": "io_three",
        "type": "Object"
    }
}